<?xml version="1.0" encoding="UTF-8"?>
<!DOCTYPE hibernate-mapping PUBLIC "-//Hibernate/Hibernate Mapping DTD 3.0//EN"
"http://www.hibernate.org/dtd/hibernate-mapping-3.0.dtd">

<hibernate-mapping>
	<class name="com.cluster.Citizen" table="CITIZEN">
		<id name="cid" type="int">
			<column name="CID" />
			<generator class="increment" />
		</id>
		<property name="cname" type="string">
			<column name="CNAME" />
		</property>
		<many-to-one name="passport" class="com.cluster.Passport" unique="true" cascade="all">
			<column name="PID" />
		</many-to-one>
	</class>
</hibernate-mapping>
