<?xml version="1.0" encoding="UTF-8"?>
<!DOCTYPE hibernate-mapping PUBLIC "-//Hibernate/Hibernate Mapping DTD 3.0//EN"
"http://www.hibernate.org/dtd/hibernate-mapping-3.0.dtd">

<hibernate-mapping>
	<class name="com.cluster.Student" table="STUDENT">
		<id name="sid" type="int">
			<column name="SID" />
			<generator class="increment" />
		</id>
		<property name="sname" type="string">
			<column name="SNAME" />
		</property>
		<set name="courses" table="STUDENTCOURSE" inverse="false" cascade="all">
			<key>
				<column name="SID" />
			</key>
			<many-to-many entity-name="com.cluster.Course">
				<column name="CID" />
			</many-to-many>
		</set>
	</class>
</hibernate-mapping>
