<?xml version="1.0" encoding="UTF-8"?>
<!DOCTYPE hibernate-mapping PUBLIC "-//Hibernate/Hibernate Mapping DTD 3.0//EN"
"http://www.hibernate.org/dtd/hibernate-mapping-3.0.dtd">

<hibernate-mapping>
	<class name="com.cluster.Employee" table="EMPLOYEE">
		<id name="eid" type="int">
			<column name="EMPID" />
			<generator class="increment" />
		</id>
		<property name="nme" type="string">
			<column name="NAME"/>
		</property>
		<property name="sal" type="int">
			<column name="SALARY" />
		</property>
	</class>
</hibernate-mapping>